dim2,dim5,dim9,dim12
-1.028048616,-1.151363821,-0.958589325,-0.927331111
-1.101558281,0.769297777,-0.910501132,-1.016899808
-1.040869187,-0.863994007,-0.954601524,-0.939358002
-1.086006698,0.913866311,-1.052107172,-0.845991338
-1.051982877,-1.24537495,-0.957572828,-1.030430061
-1.052703561,-0.136542607,-0.929501833,-0.968317494
-1.096513499,0.310226838,-0.986660319,-1.05582896
-1.059834529,0.291202839,-1.012776507,-0.864506421
-1.074020603,0.221101652,-1.006599323,-1.106785004
-1.119878798,-1.04792732,-0.905575026,-0.957398339
-1.097158321,0.326444018,-0.845445239,-0.88476224
-1.115402979,-0.074757924,-1.085104274,-0.960325938
-1.080772266,-0.034908015,-0.888685515,-1.08439283
-1.067344806,-0.565223656,-1.120212562,-1.103857404
-1.074893008,-0.487117838,-0.983298055,-0.974726559
-1.017200443,-0.901487575,-0.956478135,-1.115726047
-1.071972346,0.718324545,-0.998389146,-1.118416275
-1.059189708,0.841824608,-1.089873997,-0.986436956
-1.062831054,0.536123837,-1.189256258,-0.97346057
-1.124051174,-1.533032378,-0.972898495,-0.934847916
-1.094275588,-1.158536804,-1.062350349,-1.023546249
-1.048531185,-1.199980709,-1.148518133,-1.012785346
-1.03476235,0.337116864,-1.087684614,-0.937142522
-1.071327524,1.3597348,-0.941387044,-0.908736901
-1.006921229,1.408906119,-1.022863297,-0.954233367
-1.058696607,-0.772443176,-1.043271455,-1.009224751
-1.049289799,1.369229473,-0.992211963,-1.051081502
-1.069279267,0.2541251,-1.055156669,-1.044909808
-1.06370346,0.789881119,-0.959058478,-0.816873597
-1.086575661,1.386555519,-0.963202665,-1.007167519
-1.124013245,-0.202416236,-0.902603722,-1.203079268
-1.076334376,1.51812952,-0.985956589,-1.019036162
-1.05433458,0.69476112,-0.972820302,-1.117150285
-1.097461767,0.379045896,-0.884228561,-1.1601939
-1.108537524,1.416910754,-0.981656019,-1.068963592
-1.06723101,1.437390141,-0.832856299,-0.953995995
-1.044093296,-0.885582263,-0.969692615,-1.06025992
-1.027403794,0.233091278,-0.989084276,-1.006613649
-1.054258718,0.626600452,-1.122558329,-0.884999612
-1.056344908,-0.001849917,-1.042958688,-1.051556249
-1.141840664,1.663564357,-0.879380644,-1.057569693
-1.086120494,1.41801962,-1.149691013,-0.968713115
-1.045231218,0.589592018,-1.078301553,-1.090406274
-1.08380672,1.51067932,-0.964297355,-1.085263195
-1.041741593,0.987086186,-0.981265059,-1.04514718
-1.09052045,-0.991756277,-1.061724812,-0.946637436
-1.049820829,-0.065332552,-1.040065578,-1.129335426
-1.089306669,0.110318909,-0.961247858,-0.979157519
-1.09719625,0.174979717,-1.033262858,-1.080911361
-1.046672583,-1.250953937,-0.880631721,-1.007088396
-1.126440806,1.319988847,-1.018953687,-0.986595205
-1.074172328,0.604319156,-1.177683815,-0.929467465
-1.087030828,0.157203192,-0.926921493,-1.005031165
-1.037834733,-0.887730691,-1.01934465,-1.000204581
-1.075044733,1.308830873,-0.967894195,-0.917994443
-1.074627495,-1.18889204,-0.943420041,-1.035494017
-1.057786272,0.39003061,-0.985174666,-0.990314046
-1.075841276,1.13931283,-0.952177567,-0.884524868
-1.11274783,-1.257849706,-0.915740009,-1.034228028
-1.075803347,-0.224524273,-1.052341749,-0.999175967
-1.022321083,1.727740035,-0.92825076,-1.132263026
-1.087220483,-0.527037048,-0.958354748,-1.120710878
-1.112634038,-0.37297384,-1.031308054,-1.111611585
-0.984314541,-1.026165808,-1.112002385,-1.142865679
-1.09719625,1.322171931,-0.9368519,-1.128544184
-1.086765312,0.335210997,-0.86632255,-0.843063738
-1.085248085,-0.766344409,-0.927390646,-1.115409552
-1.134861418,-0.477345948,-1.080490933,-0.998622097
-1.060706935,0.916742433,-0.997685416,-1.029797068
-1.052172532,1.163534645,-0.837156869,-0.885711731
-1.048910494,-0.515393947,-1.048979485,-0.969266985
-1.071858554,-0.967915638,-1.08072551,-1.064532632
-1.136264853,0.280668601,-1.067511033,-0.935243537
-1.033889944,-0.845489791,-1.101681014,-1.037709498
-1.028958955,1.260144681,-0.930596523,-1.014605202
-1.12207878,-1.159818933,-0.959840401,-1.141995314
-1.084375679,0.671440262,-0.946625921,-1.026632097
-1.048796702,0.86472964,-0.950770107,-1.016425061
-1.090710104,1.53996034,-1.097302254,-0.918152692
-1.169605923,0.75283803,-1.026851098,-1.030113563
-1.048758769,0.815523667,-0.994948689,-1.027977209
-1.042386414,0.436083241,-1.066338149,-1.015633819
-1.031803754,-0.010616896,-1.008319553,-1.069042715
-1.065068962,1.334126903,-0.953506834,-1.03003444
-1.066168954,-1.630772072,-1.095347448,-1.113352318
-1.11449264,1.131724021,-0.870310354,-1.022992379
-1.051072543,1.671118512,-1.089092074,-1.164703986
-1.071099941,1.605868619,-1.054218362,-0.933265432
-1.08714462,0.519837353,-1.106919891,-0.942522974
-1.127616658,-0.256092329,-0.908389946,-0.980186136
-1.007376396,-1.284947642,-0.917616623,-0.922425403
-1.1127099,0.280183474,-1.074157367,-0.996643989
-1.029414122,-0.881216097,-1.035921391,-0.953758623
-1.10390998,-0.218979937,-0.924888496,-0.98857331
-1.100344496,0.144936353,-1.038736311,-1.165099607
-1.086272215,0.766248389,-0.841301053,-1.169530567
-1.021676262,-0.770710572,-1.023801604,-1.024653989
-1.081644671,-1.402428637,-1.008397743,-1.093175625
-1.101444489,-0.648354029,-0.835123872,-0.960484187
-1.090596312,0.876372743,-0.969223462,-1.120790004
-0.992052401,0.110665431,-0.942481737,-1.038421614
-1.075689555,0.794316586,-1.013011084,-0.923374894
-1.036393369,-1.142943364,-0.998076376,-1.05859831
-1.062565537,1.630887432,-0.932160367,-1.095470231
-1.025848638,-0.013943497,-0.963046278,-1.001074949
-1.072465446,0.803603349,-1.095816601,-0.959297324
-1.071327524,0.484873391,-0.878598724,-0.913009612
-1.048720839,-1.068822533,-0.958902094,-0.978049779
-1.08429982,-1.103370672,-1.056329552,-0.894098908
-1.126820115,-0.146418452,-1.113018882,-0.972431956
-1.073261989,0.478358798,-0.968832502,-1.017216306
-1.118209849,-0.408215019,-0.983376246,-1.05195187
-1.053955272,-0.482405154,-1.094409144,-1.072919805
-1.054182859,0.349626267,-1.188005182,-1.055749834
-1.01765561,0.237942571,-0.973602225,-1.088349043
-0.970811218,-0.424536157,-1.09104688,-1.004556418
-1.04094505,0.871902626,-0.980013982,-0.968713115
-1.007338467,1.197770913,-1.019188264,-1.037630372
-1.150185413,-0.926679647,-1.003158867,-1.106072885
-1.098182448,0.026183625,-1.021924991,-0.839582269
-1.080696403,1.292059259,-1.043036882,-1.0009167
-1.013407375,-1.641337497,-0.987833199,-0.978128905
-1.114151265,-0.252765728,-1.027163868,-1.0289267
-1.025621054,1.672331337,-1.049135869,-0.905255432
-1.080810195,0.555286445,-0.987598623,-1.095074607
-1.04993462,-1.531968558,-1.046711912,-1.086687433
-1.087523929,0.215695925,-1.06672911,-0.835309558
-1.084489471,1.189003933,-1.07345364,-1.067381105
-1.106299613,1.535940696,-0.915270856,-0.961591927
-1.026531389,1.392411723,-0.967581425,-1.033832407
-1.060289697,1.67884593,-0.898146769,-0.976862916
-1.052893216,1.459255612,-0.878598724,-0.926935486
-1.021069373,-1.105761667,-0.996668916,-1.070625202
-1.033776153,-1.120592763,-1.037719811,-0.858967721
-1.11324093,0.672271914,-1.027163868,-1.004714667
-1.074930941,-0.479736942,-0.995183266,-0.886502974
-1.117830541,1.735328844,-1.008084977,-1.007325768
-1.103303092,1.727289559,-0.870310354,-0.88586998
-1.006807437,1.375882675,-0.886965288,-0.964519526
-1.057634551,-0.628879553,-0.943498234,-1.005189411
-1.131485588,0.303920158,-1.096129371,-0.936351277
-1.049327732,0.95555278,-1.054218362,-1.030509187
-0.99933509,-0.543115622,-1.003393443,-1.090801895
-1.089344598,1.057915062,-1.072202563,-0.972036335
-1.032220992,1.579914204,-1.101290054,-0.956607097
-1.058279373,-1.292640409,-1.175181664,-0.994824129
-1.115365046,-0.460470379,-0.883915791,-0.978761898
-1.073906811,0.464775176,-0.820814702,-0.968238368
-1.102544478,0.076879639,-0.901274455,-1.15964003
-1.113430585,-0.403987465,-1.065321653,-1.033278537
-1.092910082,0.058548683,-1.020830301,-0.978761898
-1.086841174,-0.512448518,-0.910266556,-1.025128733
-1.060782797,0.855546838,-1.061959389,-0.996248368
-1.080848128,0.189221728,-0.974853299,-0.856435742
-1.07603093,1.583691281,-0.857408643,-0.931920317
-0.790678409,-0.49678577,-1.07712867,-0.947507804
-0.740837493,-0.404853768,-0.934193364,-0.914987721
-0.781688839,-0.923283741,-0.975869795,-0.990867916
-0.606069778,0.894253227,-0.996903493,-0.949327663
-0.768792405,-0.803560756,-1.124747709,-1.076717772
-0.593931962,-0.77015614,-0.947798804,-1.04957814
-0.897149836,-1.360627814,-1.100664518,-0.977733284
-0.760599378,0.410267434,-1.028102174,-0.955815855
-0.876136237,1.271753134,-0.93732105,-0.995773621
-0.633721249,0.176227192,-0.920900693,-1.078933253
-0.802967951,0.93209331,-0.953194064,-0.91736145
-0.463184903,-1.087534665,-1.009179667,-1.146663647
-0.826864279,1.244377978,-0.981186865,-0.954549866
-0.600076733,-1.202648921,-1.065712613,-1.080911361
-0.635390197,-0.064050427,-0.966330351,-0.974251815
-0.642028068,0.956453733,-0.892673318,-1.054958592
-0.93143917,1.267456273,-0.85224796,-0.972985826
-0.754644261,-0.980459695,-1.045773605,-0.976467295
-0.840860702,-1.087950491,-1.187066878,-0.919339555
-0.574283869,0.631070573,-1.195980785,-1.161143391
-0.675710513,-1.625369811,-1.023645221,-1.146109777
-0.583159647,0.179311229,-0.959371248,-1.075847404
-0.607511147,-0.919160142,-0.957963788,-1.008591757
-0.717737707,1.29420769,-0.966095775,-1.060892913
-0.840329672,-0.395705613,-0.907764409,-0.904780685
-0.883456859,-1.220113574,-0.907998985,-1.044830682
-0.526832584,-0.207371487,-0.86303848,-0.855169756
-0.609407679,-0.04755603,-1.061490236,-1.020223028
-0.765492438,-1.486175816,-1.109343848,-1.041349213
-0.714665324,-0.280348794,-0.92113527,-0.935797407
-0.561956398,0.329770619,-1.057737009,-1.140966697
-0.845222729,0.343007719,-0.970552728,-0.87368484
-0.45874701,-0.399794562,-0.918476736,-0.905176309
-0.833198704,1.253041002,-0.988615123,-0.995378
-0.842719304,0.224358949,-0.968441538,-1.04237783
-0.867032871,-0.084807031,-1.069153069,-1.017453678
-0.680186332,-1.127211311,-0.985878396,-0.98469622
-0.727447962,0.605601284,-0.987051279,-1.037393
-0.606866325,0.066380055,-0.967737811,-1.090010653
-0.634972959,-0.067377028,-1.031229861,-0.984221476
-0.545001383,-0.921516482,-0.911126672,-0.88254676
-0.763178664,0.451745989,-0.930674717,-1.118416275
-0.794888715,0.004976544,-0.968363348,-0.992054779
-0.837143497,-1.683511867,-1.074391943,-1.03612701
-0.543863461,0.937776255,-1.174321551,-1.0764804
-0.663079596,0.133570463,-1.057971586,-1.118258025
-0.995807539,1.225492587,-1.118257758,-0.905730179
-0.507867246,-1.12551336,-1.055704012,-1.138197347
-0.762723497,0.028436011,-0.889389245,-0.905651053
-0.610735255,-0.360984218,-1.022550528,-0.960167689
-0.794926645,-1.703801358,-0.986973086,-1.033199411
-0.852770935,-1.195510588,-1.102071978,-1.031933422
-0.815826452,-1.47166352,-0.926295953,-1.01270622
-0.529829109,-0.616924581,-1.00003118,-0.917519696
-0.731961714,-0.328307292,-1.00534825,-0.996090119
-0.674534662,1.465527642,-1.041942188,-1.017849299
-0.536808356,-1.160754539,-0.952255758,-0.846070461
-0.686634549,-1.5571537,-0.932394943,-1.022675881
-0.661183061,0.761154533,-0.950300954,-1.004398169
-0.637059149,0.904198376,-1.056798702,-0.990076674
-0.811350633,0.712537645,-0.977042679,-1.019748281
-0.828381506,-0.878721148,-0.971725612,-1.040241473
-0.773419949,-1.309793195,-0.995261456,-1.00479379
-0.816964374,1.643050316,-1.032246358,-0.96902961
-0.321703458,-0.347989682,-0.951395644,-1.060180794
-0.831036655,-0.904952781,-1.027711214,-0.850422298
-0.755289083,1.010753565,-0.92574861,-0.983192859
-0.539122126,0.058132857,-1.15133305,-0.962383169
-0.478243381,0.901045034,-0.973054878,-1.151331979
-0.771826859,-1.571468479,-0.953272258,-0.970216476
-0.679769094,-1.438525722,-1.005113673,-0.982876364
-0.558125397,-0.276744976,-0.915583626,-1.053929975
-0.707648148,-0.555936896,-0.995965186,-0.98801944
-0.829557358,-0.893275027,-1.142497333,-1.048866021
-0.77565786,-1.553019705,-0.947720611,-0.995694498
-0.653483133,-1.695991469,-0.970396345,-0.986753454
-0.664824407,-1.224375782,-1.231401844,-1.028451953
-0.883760301,-0.228197392,-0.975635222,-1.020618649
-0.977714602,-1.557212609,-1.045773605,-0.910952381
-0.650865917,1.529495407,-0.981890595,-0.949011165
-0.67722774,-0.022121391,-1.066259959,-1.01879879
-0.687582817,-0.979558742,-1.031933591,-0.882230262
-0.802892088,1.705146871,-1.125842399,-0.937854641
-0.797619723,-0.644819515,-0.929110873,-0.922108905
-0.471795165,-1.672656057,-1.058909892,-1.0204604
-0.807709286,-0.848331262,-1.021299454,-1.041190964
-0.958294093,-1.13708716,-1.046790105,-0.892832919
-0.892901597,1.619313632,-0.937790204,-1.134162008
-0.777364741,0.502719217,-1.027085674,-0.949565035
-0.703627493,1.064325701,-0.969067078,-1.033674158
-0.578570037,-0.799541115,-1.038345348,-0.953204753
-0.765416576,1.306093357,-0.946938691,-0.967209753
-0.767047594,1.132936845,-1.08314947,-0.962224923
-0.747816739,-1.701031271,-1.165173067,-1.037393
-0.61213869,-1.296971917,-1.025912791,-0.955578483
-0.797619723,0.092992864,-1.088622921,-1.034702772
-0.668010582,0.226576684,-1.046320952,-0.977258537
-0.766478635,-0.623716392,-0.980717712,-1.084788451
-0.825043606,-0.583034831,-1.116772105,-0.909369894
-0.569163225,1.630125088,-1.036859698,-1.14674277
-0.767313111,0.241719648,-0.947407844,-0.941494357
-0.949418314,-1.159853583,-0.852795303,-1.06595687
-0.818633322,-1.709175276,-1.089404844,-0.932948934
-0.914901393,1.677425193,-0.988224162,-0.967288876
-0.602504294,1.450488633,-1.049605022,-0.958426956
-0.580276915,0.999075808,-1.047493835,-1.052030993
-0.589797519,0.146183827,-0.963359048,-0.927964104
-0.61991448,-0.491102829,-1.115286455,-1.149670369
-0.690958646,0.987294095,-1.093079877,-0.978287154
-0.715006699,0.965116757,-1.06672911,-1.041428339
-0.508056897,-0.996053139,-1.025834601,-1.082256473
-0.733441012,-1.493892838,-0.939197664,-0.871469359
-0.601100859,-1.523274346,-0.987129472,-1.048707772
-0.789957725,0.201246004,-0.946938691,-1.080120116
-0.991066204,-1.60631116,-0.971334652,-1.007958761
-0.545304826,0.628437015,-1.01262012,-0.921080291
-0.664141656,1.023748098,-1.096911294,-1.046413169
-0.653938301,-0.307966514,-1.022706914,-0.802710348
-0.634555721,-0.323871825,-1.024036181,-1.017295429
-0.71235155,-0.332708109,-0.926374146,-1.082414722
-0.829481499,-1.569337376,-1.103244858,-1.025207859
-0.822085014,-1.523080296,-1.076894093,-1.03335766
-0.775923373,-0.076941005,-0.986582126,-1.071337321
-0.726499694,-1.294996749,-0.938806704,-0.967921869
-0.764089003,-1.377732088,-0.928798103,-1.023467123
-0.709923988,0.073795602,-1.0018296,-1.019431786
-0.488977763,-1.425915824,-1.167284254,-1.093333874
-0.779223344,0.776158888,-0.944514734,-0.998938595
-0.787188788,0.222730303,-0.961717011,-1.045305429
-0.824360855,0.799306487,-1.068762106,-0.9924504
-0.817229887,0.530683459,-1.176745508,-0.986674328
-0.617942082,0.341275114,-1.002767907,-1.049103393
-0.848257187,-0.177085555,-1.080256357,-0.964282154
-0.469974491,1.704072656,-1.135772806,-0.951622266
-0.963869905,0.787247561,-0.984001782,-1.168422827
-0.577318323,0.813860366,-0.912143169,-0.89876724
-0.426543862,1.663148531,-1.116850298,-0.894652778
1.45993861,-0.395463049,-0.976338949,-1.019273537
1.45728346,-1.66936411,-1.060551929,-1.091276643
1.464262707,-0.542873055,-0.978059179,-0.99300427
1.478372922,0.30201429,-0.982594325,-1.065798621
1.495821033,-1.403877095,-1.022394144,-0.913721732
1.461038599,-0.514354382,-0.843881396,-0.981056504
1.387415145,-0.099846037,-1.023801604,-1.091355766
1.415332129,-1.258681355,-0.995417843,-1.061209411
1.44283187,1.201478689,-1.072906293,-1.009066502
1.455576579,-0.255849766,-1.100429941,-0.938012887
1.361167114,1.351106426,-1.040456538,-1.06358314
1.45675243,-1.437389132,-1.101211861,-0.923691392
1.432969894,-0.72878154,-0.978059179,-0.975834299
1.45500762,-1.484845175,-1.097458638,-1.212020311
1.366287755,1.318776026,-0.890718511,-1.117229408
1.493507263,0.383030886,-1.033497435,-0.98746557
1.433007824,0.197191709,-1.080099973,-1.011123736
1.444766335,-0.808827875,-1.094330951,-0.916965826
1.465135112,1.747422424,-1.002611523,-0.987940317
1.440176725,0.792965156,-1.037563428,-0.986832577
1.435283664,0.3509777,-0.915661819,-1.057648819
1.420907936,1.117378055,-0.891656818,-0.966102013
1.43380437,0.706265615,-1.082367547,-0.89378241
1.449507671,-1.644542815,-1.064305153,-1.00867088
1.380208315,0.247021418,-0.966252158,-1.08550057
1.384342758,1.089483122,-1.0018296,-1.083997206
1.395646102,-0.662561389,-1.113097075,-0.999492465
1.37440492,0.416747374,-0.85302988,-1.042061332
1.449886979,-0.047937202,-0.986269356,-0.99300427
1.466045447,-1.668411178,-0.93505348,-1.008037887
1.366742922,-0.185020886,-1.100273557,-1.06374139
1.385746193,-1.284843687,-1.026694714,-1.039133733
1.505227842,0.520253179,-0.994948689,-1.049894638
1.481255651,-0.190565219,-0.918242159,-0.98525009
1.398642627,0.418965109,-1.156180967,-1.065007376
1.341481088,-1.405367133,-1.057424242,-0.944184584
1.42166655,-0.725836111,-0.967346848,-0.884603991
1.421249312,-0.714574179,-0.943967387,-1.099426444
1.422842402,-0.250478689,-1.062037579,-1.039212859
1.492521066,0.884377378,-1.002298753,-0.983825855
1.456411055,-0.070010585,-1.085417043,-1.015159072
1.449697325,-0.333505107,-1.118805102,-1.094125116
1.429480273,1.750333199,-1.093079877,-0.913246984
1.378084196,1.452151933,-1.08924846,-1.04237783
1.422425164,0.237700007,-1.115442838,-1.132104777
1.417114869,0.602621205,-0.9368519,-0.990630544
1.370384269,0.400045064,-0.954914291,-0.954391617
1.425421688,-0.501775672,-1.01324566,-0.967921869
1.424701004,-0.783913021,-0.903307452,-1.046650541
1.449128366,-1.498428796,-1.049995985,-0.911743623
1.406987376,-1.516267693,-1.084165967,-0.979711389
1.478524643,-0.02853203,-1.059457239,-0.994507634
1.409414942,0.374541125,-1.034357548,-0.816636225
1.407480477,0.216943403,-1.023097874,-0.940149244
1.425269967,0.068008702,-1.07673771,-1.14104582
1.513762248,-1.041620639,-0.94154343,-1.022596757
1.489183166,-0.974846054,-1.049526832,-0.990630544
1.439114665,0.408985306,-1.051403442,-1.090327151
1.378842809,-1.246864992,-1.001360447,-1.060497292
1.466197172,0.030168616,-1.019579227,-0.981293876
1.438773289,-1.229850814,-0.949519031,-1.06192153
1.361394698,1.282495282,-1.049057679,-1.046413169
1.440480171,-0.709203105,-0.982281556,-0.926698114
1.44211119,1.339497977,-0.93943224,-1.044197689
1.460317914,0.354893386,-0.856157567,-0.851688287
1.475566051,1.523812462,-1.143513833,-0.968554866
1.405925316,1.668554259,-1.008397743,-0.977021165
1.534813777,-1.155729984,-1.001204063,-1.100217686
1.510386415,-0.758859555,-0.939979587,-0.9005871
1.374556645,-1.673546618,-0.93622636,-1.075610032
1.441656019,1.627422222,-1.094018181,-1.080040993
1.380473832,-1.39175579,-0.725811204,-1.054642094
1.433349199,-0.327752858,-1.202627122,-1.110345596
1.428494072,-1.704624348,-1.083071277,-1.075689155
1.442224982,0.510100113,1.366220594,1.176504687
1.370004964,-0.038407875,1.213276687,0.486066116
1.393408191,-0.960915915,0.770630754,1.353268356
1.453528322,1.125590603,1.010837131,0.815856165
1.470635061,0.434939725,1.161278888,0.835558114
1.458383449,1.211319884,1.191461069,1.015486755
1.444614614,-1.128874612,0.828727543,1.040094408
1.369284279,-1.63645848,1.060098207,0.255577053
1.497489985,1.215096961,0.47264035,0.869581559
1.449242158,-0.649289636,0.861646451,0.745435544
1.480724621,-0.002335048,1.615653649,1.105213701
1.475907427,1.097383799,1.314379178,0.900835653
1.412676979,0.883476425,1.295065708,0.917214382
1.427507875,0.173212459,0.939838631,0.801692916
1.391625451,-1.394784382,0.979091107,0.800031306
1.424018253,1.668623563,1.257846229,0.52523264
1.46505925,-0.857999198,1.125388676,0.70682289
1.360863668,0.344740324,0.742716143,1.195969262
1.401335706,1.475299532,1.121088106,0.467155411
1.457738628,1.592631519,1.263632453,0.819575006
1.343377624,0.996996681,1.219844831,0.966429693
1.389653057,1.34486905,0.942809935,1.180381778
1.453338671,-1.13081513,1.027726642,1.231891691
1.452921433,0.154084504,0.47256216,1.210053388
1.440025,0.671648175,1.133911624,1.26963398
1.496503788,0.180177532,0.904104806,1.027355397
1.386694461,-0.074584661,1.42165885,0.921961841
1.462707551,1.11512567,1.232277388,0.751369868
1.420338977,0.709661521,0.729110705,0.678733767
1.509400218,-0.44660954,1.1151455,1.138604153
1.404635673,1.716720667,1.710500766,0.357410017
1.382635881,-0.987909895,0.812619952,0.946094751
1.462707551,0.03467339,1.229618854,1.477414368
1.395342656,-1.056867562,1.266525563,0.751765489
1.429556131,-1.55756606,0.861568258,1.310936858
1.494948628,-1.304040946,0.993243891,0.974104748
1.37982901,-0.650225242,1.003721644,0.849088367
1.365870517,-0.50187963,1.098646952,0.890865992
1.414801099,-0.163744501,0.837485067,1.036771188
1.438773289,-1.102331107,0.781421274,0.90866896
1.495365866,1.376298501,0.966189396,1.083217149
1.476552249,-0.421660032,1.357932221,1.117082344
1.434904359,0.089735567,0.870560358,0.759915291
1.493545192,-0.46961853,1.164250191,0.720986139
1.409187358,-1.02540346,1.259644649,0.623030265
1.411690782,1.214715786,1.301164698,0.940714296
1.42993544,-0.299927228,0.511971019,1.525759311
1.445676674,1.276569773,0.714566958,0.876386248
1.377894545,-0.005280476,1.097474069,1.007574325
1.35217754,-1.232519026,1.171052909,1.075542091
1.473707445,-0.589618729,0.719414875,1.379141999
1.480383246,0.594062138,0.912705944,0.708563626
1.468548875,-1.410720881,0.956258989,0.825192833
1.409870109,-0.471039268,0.864148601,1.311174233
1.448066306,0.207102208,1.067213694,0.898699299
1.420452769,-1.124785666,1.023738842,0.877098367
1.486641808,1.711176334,1.087465468,1.056394012
1.368563595,1.306405228,1.561779236,1.049431073
1.430694054,0.723037229,1.181608856,1.212664489
1.425763064,-0.932605155,0.375682046,1.060824972
1.393066816,-0.117449303,1.111001316,0.980039069
1.480952208,0.204919127,0.946875928,1.136705167
1.436535378,-0.821302628,0.725279288,0.861194385
1.42215965,0.311682226,0.996606154,1.393859118
1.433918162,0.205023082,0.814183796,0.75105337
1.472455735,-0.923075828,0.778840931,1.365136999
1.501131331,-1.085420888,0.800969318,1.19794737
1.347701721,0.234304102,1.122886526,0.981938054
1.382863464,-0.882983356,0.96994262,1.061062344
1.468093704,1.326780657,0.987614054,1.151738785
1.377477307,-1.175585635,0.888309986,1.435636743
1.403914993,-0.518200764,0.709093508,1.779510915
1.408011506,-0.543392839,0.960403176,1.119376947
1.436573308,0.55424688,0.814261989,0.845448649
1.416697631,0.053420173,0.824426973,1.440621574
1.415104541,0.749927255,0.759136503,0.892685852
1.381991059,0.170544247,1.038517163,0.944116642
1.458648966,-1.380084965,0.556931521,1.0045676
1.405204636,-0.993211665,1.374978118,1.007574325
1.445297365,0.467581997,0.812228992,0.921487094
1.526582816,-0.218979937,0.916771937,1.199450731
0.231781056,-0.565535527,0.676878326,1.032102856
0.326190524,1.197320436,0.670701146,0.565427781
0.248584349,-0.806540836,0.649980218,0.752952352
0.343069676,-1.104999319,0.97494692,1.311253356
0.337759381,1.149812414,0.906997917,0.844024414
0.241794756,-0.748914405,0.915208094,1.021579325
0.283935742,-0.688169284,1.231104505,1.068579152
0.464713373,-0.885235742,1.450902725,0.738472608
0.282911616,0.893941355,0.98065495,0.903367631
0.389003733,0.847368944,0.198733141,0.933276614
0.20765714,0.110665431,1.075189297,0.875753252
0.223284582,0.194280934,1.023113305,1.262987537
0.296414938,0.688904916,0.852107004,0.853123707
0.273542737,0.09112165,0.728328782,0.777006136
0.199615837,0.736863414,1.153537861,0.708880121
0.370493559,1.442795869,0.435733642,1.111148023
0.27096345,0.317503779,0.819579056,0.86886944
0.2459292,0.209042726,1.308514765,0.901626898
0.361390196,1.576587603,0.860395375,0.797736703
0.349062726,1.603720192,0.67484533,1.19407028
0.33093186,1.10188857,1.13383343,1.123649662
0.282190932,-1.176555893,0.733333082,0.852411588
0.230984513,-0.376265791,0.846320784,1.219785674
0.123640681,1.054553811,0.656939322,0.789824273
0.278246139,-0.875810373,0.608303786,1.123887034
0.24824297,1.175351007,1.428617954,1.074434351
0.439148093,1.150470807,0.602673949,1.035584322
0.2926598,-0.62104818,1.138134001,0.839909949
0.436379155,-1.170006649,1.036093206,1.157119236
0.400572591,-1.327257849,0.887762639,0.855022689
0.322700899,-1.137745549,1.228367778,1.26575689
0.270166907,1.545989803,1.079646251,0.923386079
0.402089818,1.672123424,0.995276887,0.495561033
0.202953738,-0.180030984,0.908014413,1.126972882
0.401900163,-1.263290084,1.025224492,0.26341036
0.217784633,-0.764161328,1.104745942,0.809209725
0.311701001,-0.893829462,1.001923224,0.659902186
0.181598763,1.709166512,1.472405575,0.586395719
0.189033177,-1.09789564,1.186378576,1.251435392
0.170902311,-0.576139066,0.034842331,0.894743083
0.281887486,1.170291805,1.186847729,0.532907697
0.176364327,-0.111004014,0.91395702,1.08693599
0.214560524,-1.022908511,0.800656549,1.051804802
0.448023875,-0.588509863,0.877832232,0.856446927
0.307794141,-1.058946688,0.726686745,1.074909095
0.182129793,-1.57064376,0.675314483,0.938103195
0.518005982,-1.131092347,0.695722644,0.663541904
0.31151135,-0.713881139,1.089967618,1.114233871
0.393745069,1.241675116,1.055015713,0.321408465
0.288715007,-0.543184926,1.33854056,0.645264193
0.221350117,-0.636260449,0.688294387,1.106084066
0.41119318,-1.180540883,1.116865729,1.034318336
0.284997802,-0.099949995,1.307576458,1.138129406
0.16528857,-1.044947241,0.808162999,0.776689641
0.267246245,0.128545911,0.89784943,0.689969417
0.268535888,-1.291392931,0.985972017,1.145725337
0.136575044,1.317251334,1.009742441,1.517688632
0.242629229,-0.779165683,1.290452371,0.874645512
0.229656936,1.712597068,0.414152601,0.864042859
0.352248901,-1.289591022,0.760074807,1.134885308
0.239253399,0.551855886,0.728328782,1.292896522
0.230567275,1.416945405,0.453326883,1.316712934
0.399434669,0.706023052,1.215622454,1.083691893
0.435999847,1.571944223,1.104589556,0.967774805
0.434558482,1.096794713,0.67906771,1.380407988
0.210653665,1.684424917,1.394369779,0.853123707
0.269332431,0.475448019,1.253545659,0.987714127
0.33942833,-1.546466995,1.002939721,1.049747571
0.382024487,-1.355326045,1.036796936,0.907798592
0.266677282,0.529505285,0.588364779,0.834371248
0.31044929,0.848755027,1.155258088,0.661563796
0.229732799,-0.250478689,0.622612954,0.372522758
0.255942901,0.414980118,0.961263289,1.04088565
0.342690371,-0.907274475,1.014355778,1.150235423
0.135019884,-1.653677107,0.796668748,1.121513304
0.458341018,0.6670741,1.516193194,1.582174932
0.165174779,0.198612443,0.649041912,1.151105789
0.4171483,-1.637702491,1.232981118,1.080210423
0.252377417,-0.027111293,1.082617554,0.962077856
0.259735968,0.573305534,0.928969918,0.69669498
0.267397966,-0.672679798,0.879005115,1.326682594
0.245815408,-0.060897085,0.866728942,0.848534497
0.340035222,-1.268314636,1.043834233,0.800110432
0.334231827,1.646966003,1.198889326,0.710858229
0.241074072,-0.993419578,1.308592955,0.877968733
0.259584247,-0.697109525,1.171756639,0.768856335
0.40114155,-0.899824275,1.199123903,0.856367801
0.371859065,0.720611585,0.936241791,1.036059069
0.265046263,-0.054139928,1.389834632,0.896800317
0.340338668,1.3258104,0.842880327,0.980434693
0.342007616,1.162217866,1.12296472,1.079973051
0.508940549,-0.555590374,0.798076208,0.790694641
0.361655709,0.637966338,0.881898225,1.200558471
0.340566252,-1.335816915,0.716521765,0.603407441
0.154061089,-0.789284095,0.573195495,0.834608623
0.296908035,0.251248975,0.855625654,0.936520711
0.021493353,-0.478177597,0.924512964,0.846160768
0.215129487,-0.949168856,0.999812034,0.935175596
0.286970197,1.293965126,0.869465668,0.768223342
0.327897405,1.427514293,0.923731041,1.202220081
0.14150603,-1.484491724,0.963530862,1.02134195
0.212398476,-0.580331969,0.611275087,0.599530351
0.123033789,-0.566055308,1.007709444,0.739738597
0.316252686,-1.285502076,0.783141501,1.168038388
0.34716619,1.270159138,1.343701246,0.483138517
0.259622176,-0.0809953,0.871576858,0.741162833
0.232577599,-1.435223376,0.923965618,1.119614322
0.28435298,0.215210798,1.130627553,0.74773015
0.417110367,-1.529172134,1.571005913,0.901785147
0.303963144,0.828033073,1.086839931,0.741716703
0.160243789,-1.47016655,0.621596457,0.955906162
0.305935539,0.611353533,0.873688045,1.140028388
0.035034608,1.520485861,1.025380879,0.851462097
0.377700389,-1.613996995,0.735209695,0.743615688
0.240315459,-1.121355107,0.983235293,0.996180426
0.363438453,1.624961923,1.684071808,1.233711551
0.185202177,-0.390681061,0.801360279,0.997446415
0.306390706,-1.430912655,0.712924924,0.784918566
0.212436409,-0.324599519,0.754992316,0.988505369
0.361731572,0.732012122,0.814809336,0.760706533
0.354448883,0.390377132,1.223363478,1.264728273
0.263984203,-1.658684334,0.702368977,1.101099236
0.328580156,0.27782713,0.634341781,0.837931844
0.414569014,1.620145284,0.982531563,0.776927013
0.353424752,0.831255719,1.179888626,0.921328845
0.445141142,0.019461119,0.810274189,1.154745507
0.311776863,0.022025375,1.076753141,0.817676024
0.297325273,-0.797773857,0.820204596,1.097143023
0.196505521,-1.018646303,0.589850429,1.128792738
0.330476688,-1.259894179,1.149080908,1.199450731
0.332600808,0.16493061,0.930064608,1.142718615
0.36055572,1.27514904,0.777120704,1.130770846
0.306314847,1.168940372,0.589068509,0.913970288
0.259735968,-0.801550934,0.561466668,0.939131812
0.23530861,0.375234165,0.792211795,1.3846807
0.309501023,0.040945417,1.092860728,1.238933753
0.210122635,0.805682472,1.160809735,0.843866165
0.416200032,-0.976578659,1.05595402,1.05267517
0.394351958,-0.622746131,1.222972518,0.902022519
0.410510429,-0.741983986,1.201313283,1.06778791
0.333473213,1.440751393,0.625584257,1.102286102
0.278284072,1.705424085,1.111314083,1.082663279
0.214029495,1.560266465,0.983313483,1.063831694
0.317352675,-1.2337665,0.718867528,1.008919437
0.160585164,-0.522532276,0.745765639,0.542877358
0.342424854,-1.548123363,0.853749041,1.138604153
0.338745579,-0.428590452,0.705183897,1.335702761
0.265539363,-1.132062604,0.725435672,1.297248356
0.348493763,0.657267555,0.636609354,0.836032858
0.210919182,0.825087647,0.907779837,1.097776016
0.746538343,0.551024237,1.040550159,0.734199897
-0.68166563,1.611378305,1.20905431,0.862222999
0.43884465,0.313657394,0.732707545,0.634503287
1.231595903,-0.734672394,0.776495167,1.01469551
-0.262569525,0.871209583,0.699084907,1.100307994
0.338555924,-0.03546245,0.611431473,1.280632255
-0.602618086,1.053306336,0.866807135,1.35944005
-0.05550593,0.888778195,0.653186098,1.553294564
-0.06999545,-0.968989854,0.684306583,1.178245421
-0.593514724,0.413178209,0.878770539,1.061457968
1.171058534,-1.449098074,0.810430572,0.825588454
0.111123556,0.754570635,1.141730841,1.246292312
-0.866425982,0.166212738,0.947266888,0.909460202
-1.151854365,-0.066302812,0.697286487,0.930507263
-0.390623505,1.289113834,0.960637752,0.823056476
-0.662396841,0.896990739,0.941793435,1.20862915
1.055787192,-0.157749688,0.821377476,0.686487948
1.493696917,-1.648513943,0.939995015,1.136705167
0.961757032,1.599943114,1.069715844,1.228410222
-0.392026941,1.133629889,1.023973419,1.077045452
-1.630573707,0.09292356,0.575150301,0.853044581
0.277942697,0.546727379,0.846086207,0.870847548
-0.084750486,-0.323178782,0.746860329,1.168354886
0.750255548,-1.644161643,1.49953826,1.194940648
1.25974047,-0.906962604,0.743419873,0.507746173
1.71976378,-1.150601474,1.023973419,0.786659302
-0.749220175,-1.038363343,1.27794162,1.08361277
-0.27793145,1.642495885,0.76586103,0.883032689
-1.755763925,1.413584153,0.900977116,0.993411076
-0.053495603,1.17670244,0.758589157,0.972759635
-1.238146665,0.471601638,1.065571657,0.583547243
0.249608475,-0.423704505,1.036249589,0.659506565
0.456596208,-0.1985352,1.27966185,1.062011838
0.61912918,1.313890079,0.792133601,0.725179727
1.7285637,1.403223178,0.870091205,0.961998733
-1.224757134,1.229546882,0.835217493,0.876860992
-0.246069678,-1.34267803,0.9031665,0.878839101
-0.992431706,0.082354671,0.91356606,1.475357137
-0.638538443,-1.02193825,0.75655616,1.073563983
0.024831253,0.5760777,1.071123304,1.081872033
-0.740609909,-1.371862025,0.77446217,1.242494345
-0.142594776,0.466750345,0.675079906,0.715763937
-1.52137507,0.467027562,0.819422673,0.930823761
1.103655714,1.503644946,1.20475374,1.250485901
1.328243283,0.746392741,1.101383676,1.372020812
-0.602162919,-1.667818626,0.847806434,0.54936555
-1.235757032,1.436454535,1.079646251,1.298830843
0.16635063,1.260629811,0.676018213,0.799873057
1.669012528,-0.956168576,0.661943622,0.559968206
0.944726155,0.661079287,1.129923823,1.098488135
-1.224339896,0.597076868,0.998091807,1.102206976
-1.560329877,-0.353845886,1.078316984,0.964609834
-0.355803142,-1.154447859,1.012635551,1.389823779
1.19025146,-1.597890699,1.341981016,0.413904762
-1.35083872,0.568454241,0.876581158,0.979485199
-0.008889122,-0.245246224,0.964078206,0.68268998
-1.124164966,-0.380597303,1.167377878,1.140819633
-0.145515439,-1.471081365,0.825208893,1.290364544
1.487893522,0.973259997,1.064086007,0.807627237
0.337531798,-0.112216834,0.912784137,0.46177496
-0.647224571,0.219195789,1.329626652,0.666627749
0.523657652,-0.763572242,0.675158099,0.522938037
0.683725133,-1.696972126,0.788223994,1.102444351
0.214219149,0.892139446,1.046883726,0.803117154
-0.666531288,0.755887414,0.815043912,1.09817164
-0.499105255,-1.596764508,1.779388076,0.89062862
-1.581115892,0.088037613,0.878926922,0.546042329
1.25374742,-0.697906523,1.19404141,1.045553983
-1.801716945,1.389015817,0.8351393,0.889362631
-1.54769896,-0.214301903,1.316959519,0.455761513
-1.561278145,-0.214440511,0.907701647,0.636481395
-1.231167422,0.006917062,0.936867328,0.802563284
-0.816698857,-0.615157322,0.653733442,1.278970645
0.053051682,-1.23556841,1.173476869,0.955273166
-1.725722826,-1.237474274,0.886355179,0.825588454
-1.505520045,0.62507576,1.182312583,1.234265421
0.804951592,-0.856197288,0.843740441,1.190905308
-1.370031646,1.521352163,1.400312382,0.839435205
1.715212098,1.493006753,0.585628052,0.943958393
-1.015000465,0.931227011,1.392102205,0.983599664
0.802599889,1.428519204,0.808788536,1.400584682
-0.611873174,1.170014588,1.288497564,0.92544331
-0.410575045,-0.303496393,1.108264589,0.791565006
0.681297568,0.505872559,0.908874527,1.021579325
-1.292046166,0.55424688,0.669528263,1.008286444
0.093182344,1.660029843,0.772585557,1.06723404
1.018311679,-0.182733846,1.13344247,0.812216447
1.650312703,0.849482721,1.073938221,1.18228076
1.676977972,-1.608386821,1.241738642,0.989138365
-1.496113232,-1.146166007,0.47475154,0.848692746
1.361091252,0.663262368,0.959855829,0.592646539
1.473366069,1.70992886,0.852888927,0.672482948
0.37557627,0.931573529,1.055093907,1.265440392
-0.179766843,-1.133864513,0.83834518,1.490786375
-1.059493154,-1.035279309,0.82434878,0.728819443
-1.620969661,-1.565594949,0.784470768,0.482584647
-1.350459416,0.078958766,1.155805435,0.745989414
0.690059555,-1.360835727,0.775635051,0.946252997
0.951401956,-1.407803177,1.438626554,0.610845124
-0.639486711,-1.420735335,0.880099805,0.891973733
0.615601626,1.067860215,1.080819134,1.439355585
1.296533232,-0.00787938,0.832402576,0.833342634
-0.69998615,1.418885923,1.025224492,0.897512433
-1.414979506,1.010095176,1.131331283,0.957093025
0.253742919,0.857799223,0.777980817,0.757145941
0.753403794,0.942870111,1.100992715,1.339105107
0.920185005,-0.525269792,1.026866529,1.081634661
-1.128944231,-0.904710218,1.072374377,1.232999432
-1.177229991,-1.174407465,0.706278588,0.952187321
1.227158014,-0.693540361,1.224145401,0.873933396
1.616706116,-1.381727474,1.050402376,0.713152835
0.306807944,0.408708088,0.723168098,0.934938224
1.68744684,-0.852316253,0.811368879,0.882083198
-0.185001279,0.184682303,1.256047809,1.105688445
1.006173859,1.324736185,1.012088208,1.343140447
0.08859273,-1.399036194,1.191930223,0.668210236
0.167260965,-0.499869808,0.810039612,1.067629661
1.140751919,0.531133935,1.238610955,1.093424181
1.43824226,-0.040902828,0.666869729,0.506242809
0.485423526,-0.153348871,0.980811333,0.662592413
-0.480139917,1.353150903,0.700883327,0.861115259
-0.091236632,-0.080822041,0.891906826,0.893793592
0.649853034,0.675875729,1.165814035,0.839989075
0.777793223,-1.216960236,1.57444637,0.561234192
-1.964309849,-0.175942036,0.790335181,0.801455544
-1.137895872,0.326998452,0.731769239,0.763475883
0.050206882,0.554108275,1.074563758,0.949971841
1.647050665,0.125357918,0.749675249,0.962156982
-0.034530264,1.402495484,1.338305986,0.777718255
0.525971426,1.242853286,0.974086806,1.203723442
-1.130840766,-0.372488713,1.365829631,0.651752384
-0.878298285,0.993080995,0.475377077,1.250565024
1.660174679,0.297925345,0.858440571,1.117082344
1.003746297,-1.49879611,0.779779238,1.203248698
1.402663279,0.069498743,0.802533162,1.233711551
-1.458561861,-1.676086616,0.727390475,0.660535179
1.168668902,-0.34348491,0.828180196,0.966034072
-1.455717057,1.670078951,0.641144501,0.529900975
-0.333613691,-1.581112156,0.642004615,1.150156297
-1.264091254,-0.812708911,1.695096906,1.106321441
1.470255753,0.839052441,1.349331083,1.481607957
-0.607055979,1.392446376,0.925998614,0.717109049
1.414725236,-0.518789853,0.996918924,1.045633109
0.120075197,0.306934888,1.050793336,0.894268339
-0.529904972,1.490858322,0.879787036,1.116211976
-1.202378033,0.847680812,1.26464895,0.574843571
-1.671918154,-1.619219064,0.849057511,0.865625346
1.769263321,1.118140403,0.615497467,0.940635173
-1.68798559,-0.818842329,0.624411374,0.854468819
0.514440498,-0.89646302,0.986284787,0.840938566
1.032763269,-1.020517517,1.061896627,0.662829785
-0.136032768,-1.358964514,1.285135301,1.405806884
0.727231625,0.504139955,1.095441072,0.831839273
